transcript_id,position,prediction
ENST00000641834,1093,0.49973089
ENST00000641834,1193,0.47618598
ENST00000641834,1234,0.44815904
ENST00000641834,1255,0.41392827
ENST00000641834,1259,0.43298048
ENST00000641834,1348,0.4708929
ENST00000641834,1429,0.50295293
ENST00000641834,1531,0.51332515
ENST00000641834,1537,0.49466154
ENST00000641834,1693,0.47546682
